INSERT INTO `repertoire_principal` (`idRepertoire_Principal`,`chemin`) VALUE
(1,'C:/data/');

INSERT INTO `chemin_donnees` (`idChemin_Donnees`,`type`,`path`,`FkRepertoire_Principal`) VALUE
(1,'Null','photo/1ere/appli/1/',1),
(2,'Null','photo/1ere/appli/2/',1),
(3,'Null','photo/1ere/appli/3/',1),
(4,'Null','photo/1ere/appli/4/',1),
(5,'Null','photo/1ere/appli/5/',1),
(6,'Null','photo/1ere/appli/6/',1),
(7,'Null','photo/1ere/appli/7/',1),
(8,'Null','photo/1ere/appli/8/',1),
(9,'Null','photo/1ere/appli/9/',1),
(10,'Null','photo/1ere/appli/10/',1),
(11,'Null','photo/1ere/appli/11/',1),
(12,'Null','photo/1ere/appli/12/',1),
(13,'Null','photo/1ere/appli/13/',1),
(14,'Null','photo/1ere/appli/14/',1),
(15,'Null','photo/1ere/appli/15/',1),
(16,'Null','photo/2eme/appli/1/',1),
(17,'Null','photo/2eme/appli/2/',1),
(18,'Null','photo/2eme/appli/3/',1),
(19,'Null','photo/2eme/appli/4/',1),
(20,'Null','photo/2eme/appli/5/',1),
(21,'Null','photo/2eme/appli/6/',1),
(22,'Null','photo/2eme/appli/7/',1),
(23,'Null','photo/2eme/appli/8/',1),
(24,'Null','photo/2eme/appli/9/',1),
(25,'Null','photo/2eme/appli/10/',1),
(26,'Null','photo/2eme/appli/11/',1),
(27,'Null','photo/2eme/appli/12/',1),
(28,'Null','photo/2eme/appli/13/',1),
(29,'Null','photo/2eme/appli/14/',1),
(30,'Null','photo/2eme/appli/15/',1),
(31,'Null','photo/3eme/appli/1/',1),
(32,'Null','photo/3eme/appli/2/',1),
(33,'Null','photo/3eme/appli/3/',1),
(34,'Null','photo/3eme/appli/4/',1),
(35,'Null','photo/3eme/appli/5/',1),
(36,'Null','photo/3eme/appli/6/',1),
(37,'Null','photo/3eme/appli/7/',1),
(38,'Null','photo/3eme/appli/8/',1),
(39,'Null','photo/3eme/appli/9/',1),
(40,'Null','photo/3eme/appli/10/',1),
(41,'Null','photo/3eme/appli/11/',1),
(42,'Null','photo/3eme/appli/12/',1),
(43,'Null','photo/3eme/appli/13/',1),
(44,'Null','photo/3eme/appli/14/',1),
(45,'Null','photo/3eme/appli/15/',1),
(46,'Null','photo/grandChef/',1);

INSERT INTO `type_photo` (`idType_Photo`,`nom`) VALUE
(1,'1ereappli1'),
(2,'1ereappli2'),
(3,'1ereappli3'),
(4,'1ereappli4'),
(5,'1ereappli5'),
(6,'1ereappli6'),
(7,'1ereappli7'),
(8,'1ereappli8'),
(9,'1ereappli9'),
(10,'1ereappli10'),
(11,'1ereappli11'),
(12,'1ereappli12'),
(13,'1ereappli13'),
(14,'1ereappli14'),
(15,'1ereappli15'),
(16,'2emeappli1'),
(17,'2emeappli2'),
(18,'2emeappli3'),
(19,'2emeappli4'),
(20,'2emeappli5'),
(21,'2emeappli6'),
(22,'2emeappli7'),
(23,'2emeappli8'),
(24,'2emeappli9'),
(25,'2emeappli10'),
(26,'2emeappli11'),
(27,'2emeappli12'),
(28,'2emeappli13'),
(29,'2emeappli14'),
(30,'2emeappli15'),
(31,'3emeappli1'),
(32,'3emeappli2'),
(33,'3emeappli3'),
(34,'3emeappli4'),
(35,'3emeappli5'),
(36,'3emeappli6'),
(37,'3emeappli7'),
(38,'3emeappli8'),
(39,'3emeappli9'),
(40,'3emeappli10'),
(41,'3emeappli11'),
(42,'3emeappli12'),
(43,'3emeappli13'),
(44,'3emeappli14'),
(45,'3emeappli15'),
(46,'grandchef');

INSERT INTO `photo` (`idPhotos`,`nom`,`FkCheminDonnees`,`FkType_Photo`) VALUE
(1,'IMG_0545.JPG',16,16),
(2,'IMG_0546.JPG',16,16),
(3,'IMG_0549.JPG',16,16),
(4,'IMG_0550.JPG',16,16),
(5,'IMG_0553.JPG',16,16),
(6,'IMG_0554.JPG',16,16),
(7,'IMG_0556.JPG',16,16),
(8,'IMG_3572.JPG',16,16),
(9,'IMG_3573.JPG',16,16),
(10,'IMG_3574.JPG',16,16),
(11,'IMG_3575.JPG',16,16),
(12,'IMG_0712.JPG',17,17),
(13,'IMG_0713.JPG',17,17),
(14,'IMG_0714.JPG',17,17),
(15,'IMG_0715.JPG',17,17),
(16,'IMG_0717JPG',17,17),
(17,'IMG_0719.JPG',17,17),
(18,'IMG_0721.JPG',17,17),
(19,'IMG_0723.JPG',17,17),
(20,'IMG_0726.JPG',17,17),
(21,'IMG_0728.JPG',17,17),
(22,'IMG_0731.JPG',17,17),
(23,'IMG_0738.JPG',17,17),
(24,'IMG_3716.JPG',17,17),
(25,'IMG_3717.JPG',17,17),
(26,'IMG_3718.JPG',17,17),
(27,'IMG_3719.JPG',17,17),
(28,'IMG_3524.JPG',31,31),
(29,'IMG_3528.JPG',31,31),
(30,'IMG_3529.JPG',31,31),
(31,'IMG_3530.JPG',31,31),
(32,'IMG_3531.JPG',31,31),
(33,'IMG_3532.JPG',31,31),
(34,'IMG_3533.JPG',31,31),
(35,'IMG_3534.JPG',31,31),
(36,'IMG_2842.JPG',32,32),
(37,'IMG_3710.JPG',32,32),
(38,'IMG_3711.JPG',32,32),
(39,'IMG_3712.JPG',32,32),
(40,'IMG_3713.JPG',32,32),
(41,'IMG_3714.JPG',32,32),
(42,'IMG_3715.JPG',32,32),
(43,'IMG_3524.JPG',32,32),
(44,'IMG_3524.JPG',32,32),
(45,'IMG_3524.JPG',32,32),
(46,'IMG_3524.JPG',32,32),
(47,'IMG_1.JPG',33,33),
(48,'IMG_2.JPG',33,33),
(49,'F.G.JPG',46,46),
(50,'Foie-gras.JPG',46,46),
(51,'IMG_0243.JPG',46,46),
(52,'IMG_0251.JPG',46,46),
(53,'IMG_0935.JPG',46,46),
(54,'IMG_1910.JPG',46,46),
(55,'IMG-20160528-WA0001.JPG',46,46),
(56,'St-Jacques.JPG',46,46);
